{"cameraMode":{"drawMode":0,"name":"Shaded","section":"Shading Mode"},"sceneLighting":true,"audioPlay":false,"sceneViewState":{"showFog":true,"showMaterialUpdate":false,"showSkybox":true,"showFlares":true,"showImageEffects":true,"showParticleSystems":true},"in2DMode":false,"pivot":{"x":-1.1519156694412232,"y":1.4685920476913453,"z":-2.162492036819458},"rotation":{"x":0.018124757334589959,"y":0.33106380701065066,"z":-0.006360447499901056,"w":0.9434131383895874},"size":0.32128840684890749,"orthographic":false}